Workbook

Sheet PT1-By Year
A3: Row Labels | B3: Count of Matric No
A4: 2021-2022 | B4: 3933
A5: 2022-2023 | B5: 3784
A6: 2023-2024 | B6: 3775
A8: Grand Total | B8: 11492

Sheet PT2 - By Faculty
A3: Row Labels | B3: Count of Matric No
A4: Arts | B4: 1816
A5: Science | B5: 1744
A6: Education | B6: 1717
A7: Technology | B7: 1380
A8: The Social Sciences | B8: 674
A9: Agriculture | B9: 600
A10: College | B10: 600
A11: Clinical Sciences | B11: 520
A12: Law | B12: 443
A13: Basic Medical Sciences | B13: 369
A14: Grand Total | B14: 9863

Sheet PT3 - Gender by Faculty
A3: Count of Matric No | B3: Column Labels
A4: Row Labels | B4: Female | C4: Male | D4: Grand Total
A5: Agriculture | B5: 298 | C5: 302 | D5: 600
A6: Arts | B6: 1128 | C6: 688 | D6: 1816
A7: Basic Medical Sciences | B7: 131 | C7: 238 | D7: 369
A8: Clinical Sciences | B8: 208 | C8: 312 | D8: 520
A9: College | B9: 338 | C9: 262 | D9: 600
A10: Dentistry | B10: 20 | C10: 37 | D10: 57
A11: Economics and Management Sciences | B11: 119 | C11: 102 | D11: 221
A12: Education | B12: 1091 | C12: 626 | D12: 1717
A13: Law | B13: 244 | C13: 199 | D13: 443
A14: Pharmacy | B14: 124 | C14: 205 | D14: 329
A15: Grand Total | B15: 3701 | C15: 2971 | D15: 6672

Sheet PT4 - Dept by Year
A3: Count of Matric No | B3: Column Labels
A4: Row Labels | B4: 2021-2022 | C4: 2022-2023 | D4: 2023-2024 | E4: (blank) | F4: Grand Total
A5: Accounting | D5: 23 | F5: 23
A6: Adult Education | B6: 61 | C6: 43 | D6: 40 | F6: 144
A7: Agricultural and Environmental Engineering | B7: 63 | C7: 63 | D7: 59 | F7: 185
A8: Agricultural Economics | B8: 43 | C8: 38 | D8: 37 | F8: 118
A9: Agricultural Extension and Rural Development | B9: 46 | C9: 30 | D9: 27 | F9: 103
A10: Agriculture | D10: 1 | F10: 1
A11: Agronomy | B11: 41 | F11: 41
A12: Animal Science | B12: 52 | C12: 48 | D12: 55 | F12: 155
A13: Anthropology | B13: 62 | C13: 56 | D13: 52 | F13: 170
A14: Aquaculture and Fisheries Management | B14: 41 | C14: 33 | D14: 20 | F14: 94
A15: Arabic Language | B15: 8 | F15: 8
A16: Arabic Language and Literature | C16: 14 | D16: 15 | F16: 29
A17: Archaeology | C17: 34 | D17: 32 | F17: 66
A18: Archaeology (Arts) | B18: 28 | F18: 28
A19: Archaeology (Science) | B19: 9 | F19: 9
A20: Architecture | B20: 24 | C20: 28 | D20: 28 | F20: 80
A21: Arts & Social Sciences Education (Edu/Ara) | C21: 7 | F21: 7
A22: Arts & Social Sciences Education (Edu/CLA) | C22: 24 | F22: 24
A23: Arts & Social Sciences Education (Edu/Eco) | C23: 22 | F23: 22
A24: Arts & Social Sciences Education (Edu/Eng) | C24: 33 | F24: 33
A25: Arts & Social Sciences Education (Edu/Fre) | C25: 15 | F25: 15
A26: Arts & Social Sciences Education (Edu/His) | C26: 15 | F26: 15
A27: Arts & Social Sciences Education (Edu/IRS) | C27: 12 | F27: 12
A28: Arts & Social Sciences Education (Edu/Pos) | C28: 33 | F28: 33
A29: Arts & Social Sciences Education (Edu/Res) | C29: 13 | F29: 13
A30: Arts & Social Sciences Education (Edu/Yor) | C30: 3 | F30: 3
A31: Banking and Finance | D31: 22 | F31: 22
A32: Biochemistry | B32: 79 | C32: 65 | D32: 68 | F32: 212
A33: Botany | B33: 58 | C33: 57 | D33: 53 | F33: 168
A34: Business Education | C34: 25 | D34: 18 | F34: 43
A35: Chemistry | B35: 63 | C35: 63 | D35: 76 | F35: 202
A36: Chemistry | C36: 3 | F36: 3
A37: Christian Religious Studies | B37: 13 | F37: 13
A38: Civil Engineering | B38: 67 | C38: 67 | D38: 59 | F38: 193
A39: Classical Studies | C39: 43 | D39: 47 | F39: 90
A40: Classics | B40: 46 | F40: 46
A41: Communication and Language Arts | B41: 66 | C41: 67 | D41: 70 | F41: 203
A42: Communication and Language Arts Education | B42: 23 | D42: 35 | F42: 58
A43: Computer Science | B43: 69 | C43: 69 | D43: 65 | F43: 203
A44: Crop and Horticultural Sciences | C44: 20 | D44: 10 | F44: 30
A45: Crop and Horticultural Sciences | D45: 5 | F45: 5
A46: Crop Protection and Environmental Biology | B46: 40 | C46: 32 | D46: 1 | F46: 73
A47: Dental Surgery | B47: 29 | C47: 28 | D47: 2 | F47: 59
A48: Dentistry | D48: 30 | F48: 30
A49: Early Childhood Education | B49: 33 | C49: 22 | D49: 18 | F49: 73
A50: Economics | B50: 78 | C50: 76 | D50: 74 | F50: 228
A51: Education and Arabic Studies | B51: 1 | D51: 4 | F51: 5
A52: Education and Biology | B52: 27 | D52: 15 | F52: 42
A53: Education and Chemistry | B53: 20 | D53: 12 | F53: 32
A54: Education and Economics | B54: 23 | D54: 17 | F54: 40
A55: Education and English Language | B55: 26 | D55: 25 | F55: 51
A56: Education and French | B56: 18 | D56: 15 | F56: 33
A57: Education and Geography | B57: 3 | F57: 3
A58: Education and History | B58: 20 | D58: 21 | F58: 41
A59: Education and Islamic Studies | B59: 11 | D59: 8 | F59: 19
A60: Education and Mathematics | B60: 11 | D60: 11 | F60: 22
A61: Education and Physics | B61: 18 | D61: 4 | F61: 22
A62: Education and Political Science | B62: 32 | D62: 30 | F62: 62
A63: Education and Religious Studies | D63: 12 | F63: 12
A64: Education and Yoruba | D64: 3 | F64: 3
A65: Educational Management | B65: 45 | C65: 41 | D65: 41 | F65: 127
A66: Electrical and Electronics Engineering | B66: 67 | C66: 59 | D66: 58 | F66: 184
A67: English | B67: 67 | C67: 61 | D67: 60 | F67: 188
A68: Environmental Health Science | B68: 38 | C68: 37 | D68: 46 | F68: 121
A69: Estate Management | B69: 14 | C69: 11 | D69: 9 | F69: 34
A70: European Studies (French) | C70: 15 | F70: 15
A71: European Studies (German) | C71: 20 | F71: 20
A72: European Studies (Russian) | C72: 12 | F72: 12
A73: European Studies (Russian) | C73: 1 | F73: 1
A74: Food Technology | B74: 57 | C74: 55 | D74: 32 | F74: 144
A75: Forest Production and Products | B75: 39 | C75: 14 | D75: 1 | F75: 54
A76: Forest Products and Production | D76: 13 | F76: 13
A77: French | B77: 24 | D77: 20 | F77: 44
A78: Geography | B78: 22 | C78: 11 | D78: 10 | F78: 43
A79: Geology | B79: 56 | C79: 51 | D79: 52 | F79: 159
A80: German | B80: 22 | D80: 25 | F80: 47
A81: Guidance and Counselling | B81: 61 | C81: 54 | D81: 59 | F81: 174
A82: Health Education | B82: 34 | C82: 35 | D82: 29 | F82: 98
A83: History | B83: 47 | C83: 49 | D83: 54 | F83: 150
A84: Human Kinetics | C84: 30 | D84: 28 | F84: 58
A85: Human Kinetics | B85: 20 | F85: 20
A86: Human Nutrition | B86: 69 | F86: 69
A87: Human Nutrition and Dietetics | C87: 71 | D87: 71 | F87: 142
A88: Igbo | D88: 12 | F88: 12
A89: Industrial and Production Engineering | B89: 64 | C89: 64 | D89: 63 | F89: 191
A90: Industrial Chemistry | B90: 28 | C90: 32 | D90: 33 | F90: 93
A91: Islamic Studies | B91: 21 | C91: 22 | D91: 20 | F91: 63
A92: Law | B92: 145 | C92: 149 | D92: 149 | F92: 443
A93: Library, Archival and Information Studies | B93: 47 | C93: 51 | D93: 55 | F93: 153
A94: Linguistics | B94: 35 | C94: 40 | D94: 40 | F94: 115
A95: Marketing and Consumer Studies | D95: 26 | F95: 26
A96: Mathematics | B96: 77 | C96: 63 | D96: 52 | F96: 192
A97: Mechanical Engineering | B97: 67 | C97: 59 | D97: 55 | F97: 181
A98: Medical Laboratory Science | B98: 34 | C98: 38 | D98: 37 | F98: 109
A99: Medicine and Surgery | B99: 156 | C99: 166 | D99: 174 | F99: 496
A100: Microbiology | B100: 64 | C100: 67 | D100: 66 | F100: 197
A101: Music | B101: 20 | C101: 16 | D101: 18 | F101: 54
A102: Nursing Science | B102: 60 | C102: 62 | D102: 53 | F102: 175
...

Sheet Dashboard
A1: UNIVERSITY OF IBADAN ENROLLMENT DASHBOARD (2021-2024)

Sheet Raw Data
A1: Matric No | B1: Name | C1: gender | D1: state | E1: LG | F1: jamb score | G1: utme | H1: aggreg | I1: Faculty | J1: Department | K1: Year
A2: 228268 | B2: Adebayo Maryam Awero | C2: Female | D2: OYO | E2: AKINYELE | F2: 291 | G2: 63 | H2: 67.875 | I2: Agriculture | J2: Agricultural Economics | K2: 2021-2022
A3: 228269 | B3: Adedara Gbemisola Victoria | C3: Female | D3: EKITI | E3: EKITI-SOUTH-WEST | F3: 245 | G3: 63 | H3: 62.125 | I3: Agriculture | J3: Agricultural Economics | K3: 2021-2022
A4: 228270 | B4: Adegbesan Oluwadamilola Abodunrin | C4: Male | D4: OGUN | E4: IJEBU-NORTH | F4: 260 | G4: 60 | H4: 62.5 | I4: Agriculture | J4: Agricultural Economics | K4: 2021-2022
A5: 228271 | B5: Adeleye Happiness Temidayo | C5: Female | D5: OGUN | E5: ABEOKUTA-NORTH | F5: 255 | G5: 63 | H5: 63.375 | I5: Agriculture | J5: Agricultural Economics | K5: 2021-2022
A6: 228272 | B6: Adenaike Sheriffdeen Eniola | C6: Male | D6: OGUN | E6: IJEBU-NORTH | F6: 238 | G6: 56 | H6: 57.75 | I6: Agriculture | J6: Agricultural Economics | K6: 2021-2022
A7: 228273 | B7: Adewusi Basit Ayobami | C7: Male | D7: OYO | E7: IBADAN CENTRAL | F7: 201 | G7: 56 | H7: 53.125 | I7: Agriculture | J7: Agricultural Economics | K7: 2021-2022
A8: 228274 | B8: Adigwe Deborah Chioma | C8: Female | D8: DELTA | E8: ANIOCHA SOUTH | F8: 213 | G8: 52 | H8: 52.625 | I8: Agriculture | J8: Agricultural Economics | K8: 2021-2022
A9: 228275 | B9: Agboola Joshua Oluwaseun | C9: Male | D9: OSUN | E9: IFE-EAST | F9: 265 | G9: 56 | H9: 61.125 | I9: Agriculture | J9: Agricultural Economics | K9: 2021-2022
A10: 228276 | B10: Ajimatokin Anthony Bamidele | C10: Male | D10: ONDO | E10: IRELE | F10: 247 | G10: 56 | H10: 58.875 | I10: Agriculture | J10: Agricultural Economics | K10: 2021-2022
A11: 228277 | B11: Aliu Ibrahim Olakunle | C11: Male | D11: KWARA | E11: IREPODUN | F11: 233 | G11: 58 | H11: 58.125 | I11: Agriculture | J11: Agricultural Economics | K11: 2021-2022
A12: 228278 | B12: Aniobia Victor Oluwaseyi | C12: Male | D12: DELTA | E12: NDOKWA-WEST | F12: 273 | G12: 65 | H12: 66.625 | I12: Agriculture | J12: Agricultural Economics | K12: 2021-2022
A13: 228279 | B13: Ashimiyu Temitope Simbiat | C13: Female | D13: OYO | E13: IBADAN NORTH EAST | F13: 257 | G13: 51 | H13: 57.625 | I13: Agriculture | J13: Agricultural Economics | K13: 2021-2022
A14: 228280 | B14: ASIMIYU JELEEL KEHINDE | C14: Male | D14: OSUN | E14: IWO | F14: Agric Technology | G14: 17 | H14: U/C | I14: Agriculture | J14: Agricultural Economics | K14: 2021-2022
A15: 228281 | B15: Asimolowo Semilogo Ayo | C15: Male | D15: OSUN | E15: ILESHA-WEST | F15: 260 | G15: 56 | H15: 60.5 | I15: Agriculture | J15: Agricultural Economics | K15: 2021-2022
A16: 228282 | B16: Atobatele Ayomide Damilola | C16: Female | D16: OSUN | E16: ORIADE | F16: 252 | G16: 57 | H16: 60 | I16: Agriculture | J16: Agricultural Economics | K16: 2021-2022
A17: 228283 | B17: Ayeni Oluwatofunmi Ruth | C17: Female | D17: OSUN | E17: ORIADE | F17: 236 | G17: 51 | H17: 55 | I17: Agriculture | J17: Agricultural Economics | K17: 2021-2022
A18: 228284 | B18: AYINDE EBUNOLUWA TEMILEYIN | C18: Female | D18: OYO | E18: AKINYELE | F18: Agric Technology | G18: 19 | H18: DIST | I18: Agriculture | J18: Agricultural Economics | K18: 2021-2022
A19: 228285 | B19: Badmas Aminat Bamidele | C19: Female | D19: OYO | E19: IDO | F19: 234 | G19: 51 | H19: 54.75 | I19: Agriculture | J19: Agricultural Economics | K19: 2021-2022
A20: 228286 | B20: Bolaji Ayomide | C20: Male | D20: EKITI | E20: IKOLE | F20: 250 | G20: 62 | H20: 62.25 | I20: Agriculture | J20: Agricultural Economics | K20: 2021-2022
A21: 228287 | B21: Chukwu Joseph Sunday | C21: Male | D21: ABIA | E21: BENDE | F21: 253 | G21: 61 | H21: 62.125 | I21: Agriculture | J21: Agricultural Economics | K21: 2021-2022
A22: 228288 | B22: Fagade Oluwafemi Theophilus | C22: Male | D22: OYO | E22: LAGELU | F22: 218 | G22: 55 | H22: 54.75 | I22: Agriculture | J22: Agricultural Economics | K22: 2021-2022
A23: 228289 | B23: Falade John Blessing | C23: Male | D23: EKITI | E23: ADO-EKITI | F23: 258 | G23: 59 | H23: 61.75 | I23: Agriculture | J23: Agricultural Economics | K23: 2021-2022
A24: 228290 | B24: Ibrahim Esther Olajumoke | C24: Female | D24: KOGI | E24: OKENE | F24: 297 | G24: 61 | H24: 67.625 | I24: Agriculture | J24: Agricultural Economics | K24: 2021-2022
A25: 228291 | B25: JAMES OLANIYI JOSHUA | C25: Male | D25: OYO | E25: IBADAN NORTH EAST | F25: Agric Technology | G25: 17 | H25: U/C | I25: Agriculture | J25: Agricultural Economics | K25: 2021-2022
A26: 228292 | B26: Jegede Senior Oluwatumininu | C26: Male | D26: OSUN | E26: ILESHA-WEST | F26: 261 | G26: 56 | H26: 60.625 | I26: Agriculture | J26: Agricultural Economics | K26: 2021-2022
A27: 228293 | B27: KILANKO TIMILEYIN JOSHUA | C27: Male | D27: OYO | E27: EGBEDA | F27: Agric Technology | G27: 15 | H27: DIST | I27: Agriculture | J27: Agricultural Economics | K27: 2021-2022
A28: 228294 | B28: Lawal Abdurrahman Olawale | C28: Male | D28: OGUN | E28: ABEOKUTA-NORTH | F28: 237 | G28: 50 | H28: 54.625 | I28: Agriculture | J28: Agricultural Economics | K28: 2021-2022
A29: 228295 | B29: Lawal Quayyum Adedolapo | C29: Male | D29: LAGOS | E29: MUSHIN | F29: 243 | G29: 53 | H29: 56.875 | I29: Agriculture | J29: Agricultural Economics | K29: 2021-2022
A30: 228296 | B30: Obinwa Destiny Kosisochukwu | C30: Female | D30: ANAMBRA | E30: IDEMILI-NORTH | F30: 210 | G30: 54 | H30: 53.25 | I30: Agriculture | J30: Agricultural Economics | K30: 2021-2022
A31: 228297 | B31: Ogbodo Elvis Somunachi | C31: Male | D31: ENUGU | E31: UDI | F31: 273 | G31: 60 | H31: 64.125 | I31: Agriculture | J31: Agricultural Economics | K31: 2021-2022
A32: 228298 | B32: Ogunsanwo Adedotun Feranmi | C32: Male | D32: OGUN | E32: IJEBU-NORTH | F32: 244 | G32: 57 | H32: 59 | I32: Agriculture | J32: Agricultural Economics | K32: 2021-2022
A33: 228299 | B33: Olayiwola Doyinsola Aishat | C33: Female | D33: OYO | E33: EGBEDA | F33: 257 | G33: 52 | H33: 58.125 | I33: Agriculture | J33: Agricultural Economics | K33: 2021-2022
A34: 228300 | B34: OLORUNTOBA MARY IBITOLA | C34: Female | D34: ONDO | E34: AKOKO-SOUTH | F34: Fisheries Technology | G34: 18 | H34: DIST | I34: Agriculture | J34: Agricultural Economics | K34: 2021-2022
A35: 228301 | B35: Olujemibola Oluwatimileyin O | C35: Male | D35: EKITI | E35: OYE | F35: 238 | G35: 52 | H35: 55.75 | I35: Agriculture | J35: Agricultural Economics | K35: 2021-2022
A36: 228302 | B36: Oluwadare Oluwatoberu Peter | C36: Male | D36: EKITI | E36: EKITI-WEST | F36: 287 | G36: 50 | H36: 60.875 | I36: Agriculture | J36: Agricultural Economics | K36: 2021-2022
A37: 228303 | B37: Oluyomi David Olanrewajutete | C37: Male | D37: OGUN | E37: IJEBU-ODE | F37: 255 | G37: 51 | H37: 57.375 | I37: Agriculture | J37: Agricultural Economics | K37: 2021-2022
A38: 228304 | B38: Omotilewa Adunola Omobonike | C38: Female | D38: OGUN | E38: ABEOKUTA-SOUTH | F38: 245 | G38: 60 | H38: 60.625 | I38: Agriculture | J38: Agricultural Economics | K38: 2021-2022
A39: 228305 | B39: OYEBAMIJI MARIAM OYELADUN | C39: Female | D39: OYO | E39: IDO | F39: Agric Technology | G39: 16 | H39: DIST | I39: Agriculture | J39: Agricultural Economics | K39: 2021-2022
A40: 228306 | B40: Oyedoyin Ayomide Emmanuel | C40: Male | D40: OYO | E40: EGBEDA | F40: 275 | G40: 65 | H40: 66.875 | I40: Agriculture | J40: Agricultural Economics | K40: 2021-2022
A41: 228307 | B41: Rosheed Mojeed Damilare | C41: Male | D41: OYO | E41: EGBEDA | F41: 223 | G41: 50 | H41: 52.875 | I41: Agriculture | J41: Agricultural Economics | K41: 2021-2022
A42: 228308 | B42: Salami Tobi Abdulrahmon | C42: Male | D42: OGUN | E42: ABEOKUTA-NORTH | F42: 239 | G42: 54 | H42: 56.875 | I42: Agriculture | J42: Agricultural Economics | K42: 2021-2022
A43: 228309 | B43: SALAWU BASIRAT ADEWUMI | C43: Female | D43: OYO | E43: OYO-WEST | F43: Agric Technology | G43: 11 | H43: U/C | I43: Agriculture | J43: Agricultural Economics | K43: 2021-2022
A44: 228310 | B44: Ukpong Emmanuel Bassey | C44: Male | D44: CROSS RIVER | E44: CALABAR-SOUTH | F44: 249 | G44: 52 | H44: 57.125 | I44: Agriculture | J44: Agricultural Economics | K44: 2021-2022
A45: 228311 | B45: Abass Samad Olamide | C45: Male | D45: OSUN | E45: EJIGBO | F45: 284 | G45: 68 | H45: 69.5 | I45: Agriculture | J45: Agricultural Extension and Rural Development | K45: 2021-2022
A46: 228312 | B46: Abiola Rukayat Oyindamola | C46: Female | D46: OYO | E46: AKINYELE | F46: 240 | G46: 52 | H46: 56 | I46: Agriculture | J46: Agricultural Extension and Rural Development | K46: 2021-2022
A47: 228313 | B47: Adegbuyi Abisola Susan | C47: Female | D47: KOGI | E47: KABBA/BUNU | F47: 297 | G47: 57 | H47: 65.625 | I47: Agriculture | J47: Agricultural Extension and Rural Development | K47: 2021-2022
A48: 228314 | B48: Adekanmbi Deborah Temilade | C48: Female | D48: OGUN | E48: EGBADO-SOUTH | F48: 252 | G48: 51 | H48: 57 | I48: Agriculture | J48: Agricultural Extension and Rural Development | K48: 2021-2022
A49: 232058 | B49: Adekoya Taiwo Daniel | C49: Male | D49: OGUN | E49: IJEBU-NORTH | F49: 286 | G49: 66 | H49: 68.75 | I49: Agriculture | J49: Agricultural Extension and Rural Development | K49: 2021-2022
A50: 228315 | B50: ADEYEYE SEGUN | C50: Male | D50: KWARA | E50: EKITI | F50: Agric Science (DM) | G50: 11 | H50: 6 | I50: Agriculture | J50: Agricultural Extension and Rural Development | K50: 2021-2022
A51: 228316 | B51: Ajibade David Taiwo | C51: Male | D51: OYO | E51: ATIBA | F51: 261 | G51: 52 | H51: 58.625 | I51: Agriculture | J51: Agricultural Extension and Rural Development | K51: 2021-2022
A52: 228317 | B52: Ajibade Muideen Adesola | C52: Male | D52: OSUN | E52: IREPODUN | F52: 240 | G52: 56 | H52: 58 | I52: Agriculture | J52: Agricultural Extension and Rural Development | K52: 2021-2022
A53: 228318 | B53: AKINGBADE URIEL OKANMIYINOLUWA | C53: Male | D53: OSUN | E53: OBOKUN | F53: Agric Technology | G53: 13 | H53: U/C | I53: Agriculture | J53: Agricultural Extension and Rural Development | K53: 2021-2022
A54: 228319 | B54: Akinola Al-Amin Okiki | C54: Male | D54: OYO | E54: IBADAN NORTH WEST | F54: 259 | G54: 55 | H54: 59.875 | I54: Agriculture | J54: Agricultural Extension and Rural Development | K54: 2021-2022
A55: 228320 | B55: Akinteye Favour Abigail | C55: Female | D55: OYO | E55: KAJOLA | F55: 230 | G55: 53 | H55: 55.25 | I55: Agriculture | J55: Agricultural Extension and Rural Development | K55: 2021-2022
A56: 228321 | B56: Akintola Akinniyi Oluwatobi | C56: Male | D56: OYO | E56: IBARAPA-CENTRAL | F56: 240 | G56: 56 | H56: 58 | I56: Agriculture | J56: Agricultural Extension and Rural Development | K56: 2021-2022
A57: 228322 | B57: Akpoveta Omojefe Oluwatobiloba | C57: Female | D57: DELTA | E57: UGHELLI-SOUTH | F57: 247 | G57: 51 | H57: 56.375 | I57: Agriculture | J57: Agricultural Extension and Rural Development | K57: 2021-2022
A58: 228323 | B58: Amalare Gbemisola Deborah | C58: Female | D58: OGUN | E58: IKENNE | F58: 236 | G58: 54 | H58: 56.5 | I58: Agriculture | J58: Agricultural Extension and Rural Development | K58: 2021-2022
A59: 228324 | B59: Amos Taiwo Ebunoluwa | C59: Female | D59: OYO | E59: KAJOLA | F59: 247 | G59: 52 | H59: 56.875 | I59: Agriculture | J59: Agricultural Extension and Rural Development | K59: 2021-2022
A60: 228325 | B60: ANIFOWOSE NOFISAT OYINDAMOLA | C60: Female | D60: LAGOS | E60: EPE | F60: Agric Technology | G60: 11.5 | H60: DIST | I60: Agriculture | J60: Agricultural Extension and Rural Development | K60: 2021-2022
A61: 228326 | B61: Arinola Aanuoluwa Deborah | C61: Female | D61: OSUN | E61: IFE-EAST | F61: 288 | G61: 56 | H61: 64 | I61: Agriculture | J61: Agricultural Extension and Rural Development | K61: 2021-2022
A62: 228327 | B62: Arogundade Shalom Jesutofunmi | C62: Male | D62: OGUN | E62: ABEOKUTA-SOUTH | F62: 310 | G62: 63 | H62: 70.25 | I62: Agriculture | J62: Agricultural Extension and Rural Development | K62: 2021-2022
A63: 228328 | B63: Avwerhota Grace Eseoghene | C63: Female | D63: DELTA | E63: UGHELLI-NORTH | F63: 281 | G63: 61 | H63: 65.625 | I63: Agriculture | J63: Agricultural Extension and Rural Development | K63: 2021-2022
A64: 228329 | B64: BABARINDE JUBRIL PELUMI | C64: Male | D64: OYO | E64: KAJOLA | F64: Animal Health Prod | G64: 17 | H64: 0 | I64: Agriculture | J64: Agricultural Extension and Rural Development | K64: 2021-2022
A65: 228330 | B65: Babayemi Abiodun Precious | C65: Female | D65: EKITI | E65: AIYEKIRE | F65: 231 | G65: 50 | H65: 53.875 | I65: Agriculture | J65: Agricultural Extension and Rural Development | K65: 2021-2022
A66: 228331 | B66: Bamisaye Elizabeth Morenikeji | C66: Female | D66: EKITI | E66: ADO-EKITI | F66: 242 | G66: 68 | H66: 64.25 | I66: Agriculture | J66: Agricultural Extension and Rural Development | K66: 2021-2022
A67: 228332 | B67: CHUKWU MARK ANTHONY | C67: Male | D67: ENUGU | E67: ANINRI | F67: Agric Technology | G67: 8 | H67: DIST | I67: Agriculture | J67: Agricultural Extension and Rural Development | K67: 2021-2022
A68: 228333 | B68: EJE EMMANUEL ANGWA | C68: Male | D68: BENUE | E68: OJU | F68: Agric Educ (DM) | G68: 6 | H68: 8 | I68: Agriculture | J68: Agricultural Extension and Rural Development | K68: 2021-2022
A69: 228334 | B69: Fayemi Olakunle Muqsit | C69: Male | D69: OYO | E69: EGBEDA | F69: 203 | G69: 53 | H69: 51.875 | I69: Agriculture | J69: Agricultural Extension and Rural Development | K69: 2021-2022
A70: 232107 | B70: GBADAMOSI SODIQ OLUWATOBI | C70: Male | D70: OGUN | E70: IKENNE | F70: Agric Ext & Mgt | G70: 11 | H70: U/C | I70: Agriculture | J70: Agricultural Extension and Rural Development | K70: 2021-2022
A71: 228335 | B71: Hammed Samiat Omowunmi | C71: Female | D71: OYO | E71: ISEYIN | F71: 207 | G71: 51 | H71: 51.375 | I71: Agriculture | J71: Agricultural Extension and Rural Development | K71: 2021-2022
A72: 228336 | B72: Hannah Omotolani Oyelowo | C72: Female | D72: KWARA | E72: ISIN | F72: 228 | G72: 56 | H72: 56.5 | I72: Agriculture | J72: Agricultural Extension and Rural Development | K72: 2021-2022
A73: 228337 | B73: Hassan Mujib Olawale | C73: Male | D73: OSUN | E73: IFE NORTH | F73: 250 | G73: 50 | H73: 56.25 | I73: Agriculture | J73: Agricultural Extension and Rural Development | K73: 2021-2022
A74: 228338 | B74: Ibrahim Fadilat Bolanle | C74: Female | D74: OGUN | E74: ABEOKUTA-NORTH | F74: 239 | G74: 62 | H74: 60.875 | I74: Agriculture | J74: Agricultural Extension and Rural Development | K74: 2021-2022
A75: 228339 | B75: Idowu Folakemi Victoria | C75: Female | D75: OYO | E75: IWAJOWA | F75: 221 | G75: 50 | H75: 52.625 | I75: Agriculture | J75: Agricultural Extension and Rural Development | K75: 2021-2022
A76: 228340 | B76: Ismail Lateefat Kehinde | C76: Female | D76: OYO | E76: IDO | F76: 223 | G76: 55 | H76: 55.375 | I76: Agriculture | J76: Agricultural Extension and Rural Development | K76: 2021-2022
A77: 228341 | B77: JIMOH NAFISAT YETUNDE | C77: Female | D77: OYO | E77: ITESIWAJU | F77: Home & Rural Econs | G77: 10 | H77: U/C | I77: Agriculture | J77: Agricultural Extension and Rural Development | K77: 2021-2022
A78: 228342 | B78: Odebiyi Azeez Adegboyega | C78: Male | D78: LAGOS | E78: EPE | F78: 236 | G78: 54 | H78: 56.5 | I78: Agriculture | J78: Agricultural Extension and Rural Development | K78: 2021-2022
A79: 228343 | B79: ODUYERU RUTH OLUWATOYIN | C79: Female | D79: OGUN | E79: ODOGBOLU | F79: Agric Technology | G79: 11 | H79: U/C | I79: Agriculture | J79: Agricultural Extension and Rural Development | K79: 2021-2022
A80: 228344 | B80: Okunlola Abdulmalik Bababode | C80: Male | D80: OYO | E80: ATIBA | F80: 227 | G80: 51 | H80: 53.875 | I80: Agriculture | J80: Agricultural Extension and Rural Development | K80: 2021-2022
A81: 228345 | B81: Olakunbi Oluwatimileyin Prosper | C81: Male | D81: OYO | E81: OYO-WEST | F81: 262 | G81: 54 | H81: 59.75 | I81: Agriculture | J81: Agricultural Extension and Rural Development | K81: 2021-2022
A82: 228346 | B82: OLALEKAN KARIMOT FOLASADE | C82: Female | D82: OYO | E82: AKINYELE | F82: Agric Educ (DM) | G82: 12 | H82: 8 | I82: Agriculture | J82: Agricultural Extension and Rural Development | K82: 2021-2022
A83: 228347 | B83: Olashile Rukayat Oluwakemi | C83: Female | D83: OSUN | E83: IWO | F83: 232 | G83: 50 | H83: 54 | I83: Agriculture | J83: Agricultural Extension and Rural Development | K83: 2021-2022
A84: 228348 | B84: Olorundare Daniel Odunayo | C84: Male | D84: ONDO | E84: AKOKO-SOUTH | F84: 254 | G84: 50 | H84: 56.75 | I84: Agriculture | J84: Agricultural Extension and Rural Development | K84: 2021-2022
A85: 228349 | B85: Olowolayemo Ruth Damilola | C85: Female | D85: KWARA | E85: IREPODUN | F85: 265 | G85: 57 | H85: 61.625 | I85: Agriculture | J85: Agricultural Extension and Rural Development | K85: 2021-2022
A86: 228350 | B86: Olusoga Mary Taiwo | C86: Female | D86: OGUN | E86: IJEBU-NORTH | F86: 229 | G86: 55 | H86: 56.125 | I86: Agriculture | J86: Agricultural Extension and Rural Development | K86: 2021-2022
A87: 228351 | B87: Omenuko Nelson Mmaduabuchi | C87: Male | D87: IMO | E87: ABOH-MBAISE | F87: 237 | G87: 55 | H87: 57.125 | I87: Agriculture | J87: Agricultural Extension and Rural Development | K87: 2021-2022
A88: 228352 | B88: Omomo Promise Ayomiposi | C88: Female | D88: ONDO | E88: AKURE | F88: 261 | G88: 58 | H88: 61.625 | I88: Agriculture | J88: Agricultural Extension and Rural Development | K88: 2021-2022
A89: 228353 | B89: Onyemauwa Oluchi Faith | C89: Female | D89: ABIA | E89: AROCHUKWU | F89: 233 | G89: 65 | H89: 61.625 | I89: Agriculture | J89: Agricultural Extension and Rural Development | K89: 2021-2022
A90: 228354 | B90: Oseni Faruq Adebayo | C90: Male | D90: OGUN | E90: ABEOKUTA-NORTH | F90: 250 | G90: 51 | H90: 56.75 | I90: Agriculture | J90: Agricultural Extension and Rural Development | K90: 2021-2022
A91: 228355 | B91: ADEMOLA EMMANUEL OLUWAPELUMI | C91: Male | D91: OYO | E91: LAGELU | F91: Agric Technology | G91: 18 | H91: DIST | I91: Agriculture | J91: Agronomy | K91: 2021-2022
A92: 228356 | B92: Adepoju Tope | C92: Male | D92: ONDO | E92: AKOKO-NORTH-WEST | F92: 219 | G92: 57 | H92: 55.875 | I92: Agriculture | J92: Agronomy | K92: 2021-2022
A93: 228357 | B93: Adesina Samuel Victor | C93: Male | D93: OYO | E93: OYO-EAST | F93: 237 | G93: 54 | H93: 56.625 | I93: Agriculture | J93: Agronomy | K93: 2021-2022
A94: 228358 | B94: Adeyemi Dominion Anjolajesu | C94: Female | D94: OSUN | E94: BOLUWADURO | F94: 219 | G94: 50 | H94: 52.375 | I94: Agriculture | J94: Agronomy | K94: 2021-2022
A95: 228359 | B95: Adigun Joshua Oluwaboriogun | C95: Male | D95: OYO | E95: OGBOMOSHO SOUTH | F95: 238 | G95: 50 | H95: 54.75 | I95: Agriculture | J95: Agronomy | K95: 2021-2022
A96: 228360 | B96: AHMED ABDULLAHI MAYOWA | C96: Male | D96: OYO | E96: SAKI-WEST | F96: Agric Technology | G96: 23 | H96: DIST | I96: Agriculture | J96: Agronomy | K96: 2021-2022
A97: 228361 | B97: AJAYI DADA VICTOR | C97: Male | D97: OYO | E97: AKINYELE | F97: Animal Health Prod | G97: 19 | H97: U/C | I97: Agriculture | J97: Agronomy | K97: 2021-2022
A98: 228362 | B98: Akanji Oyindamola Naomi | C98: Female | D98: OYO | E98: OGBOMOSHO NORTH | F98: 244 | G98: 57 | H98: 59 | I98: Agriculture | J98: Agronomy | K98: 2021-2022
A99: 228363 | B99: Akintola Luke Oluwawemimo | C99: Male | D99: OYO | E99: OGBOMOSHO NORTH | F99: 267 | G99: 51 | H99: 58.875 | I99: Agriculture | J99: Agronomy | K99: 2021-2022
A100: 228364 | B100: Akintolu Promise Ebunoluwa | C100: Female | D100: OSUN | E100: AYEDA-ADE | F100: 257 | G100: 59 | H100: 61.625 | I100: Agriculture | J100: Agronomy | K100: 2021-2022
...

Sheet Summary Stats
A1: ENROLLMENT SUMMARY STATISTICS (2023-2024)
A4: Total Students | B4: =COUNTA('Raw Data'!A:A)-1 -> 11492
A5: Total Male Students | B5: =COUNTIF('Raw Data'!C:C,"Male") -> 5968
A6: Total Female Students | B6: =COUNTIF('Raw Data'!C:C,"Female") -> 5525
A7: Male Percentage | B7: =B5/B4*100 -> 51.931779
A8: Female Percentage | B8: =B6/B4*100 -> 48.076923
A10: STUDENTS PER YEAR
A11: 2021-2022 | B11: =COUNTIF('Raw Data'!K:K,"2021-2022") -> 3933
A12: 2022-2023 | B12: =COUNTIF('Raw Data'!K:K,"2022-2023") -> 3784
A13: 2023-2024 | B13: =COUNTIF('Raw Data'!K:K,"2023-2024") -> 3776
A15: DATE RANGE
A16: First Year | B16: =COUNTIF('Raw Data'!K2:K11494, "*2021-2022*") -> 3933
A17: Last Year | B17: =COUNTIF('Raw Data'!K2:K11494, "*2023-2024*") -> 3776
A18: Years Covered | B18: 3
A20: SCORE STATISTICS
A21: Average Jamb Score | B21: =AVERAGE('Raw Data'!F:F) -> 257.55015
A22: Highest Jamb Score | B22: =MAX('Raw Data'!F:F) -> 355
A23: Lowest Jamb Score | B23: =MIN('Raw Data'!F:F) -> 0
A24: Average PostUtme | B24: =AVERAGE('Raw Data'!G:G) -> 58.94105
A25: Highest PostUtme | B25: =MAX('Raw Data'!G:G) -> 95
A26: Lowest PostUtme | B26: =MIN('Raw Data'!G:G) -> 0
A28: FACULTY BREAKDOWN
B29: Students | C29: Percentage
A30: Agriculture | B30: =COUNTIF('Raw Data'!I:I,"Agriculture")+COUNTIF('Raw Data'!I:I,"agriculture") -> 1200 | C30: =(B30/$B$4)*100 -> 10.442047
A31: Arts | B31: =COUNTIF('Raw Data'!I:I,"Arts")+COUNTIF('Raw Data'!I:I,"ARTS") -> 3632 | C31: =(B31/$B$4)*100 -> 31.604595
A32: Basic Medical Sciences | B32: =COUNTIF('Raw Data'!I:I,"Basic Medical Sciences") -> 369 | C32: =(B32/$B$4)*100 -> 3.2109293
A33: Clinical Sciences | B33: =COUNTIF('Raw Data'!I:I,"Clinical Sciences") -> 520 | C33: =(B33/$B$4)*100 -> 4.5248869
A34: College | B34: =COUNTIF('Raw Data'!I:I,"College") -> 601 | C34: =(B34/$B$4)*100 -> 5.229725
A35: Dentistry | B35: =COUNTIF('Raw Data'!I:I,"Dentistry") -> 57 | C35: =(B35/$B$4)*100 -> 0.49599722
A36: Economics & Management Sciences | B36: =COUNTIF('Raw Data'!I:I,"Economics & Management Sciences")+COUNTIF('Raw Data'!I:I,"Economics and Management Sciences") -> 299 | C36: =(B36/$B$4)*100 -> 2.60181
A37: Education | B37: =COUNTIF('Raw Data'!I:I,"Education") -> 1717 | C37: =(B37/$B$4)*100 -> 14.940828
A38: Environmental Design & Management | B38: =COUNTIF('Raw Data'!I:I,"Environmental Design & Management")+COUNTIF('Raw Data'!I:I,"Environmental Design Management") -> 163 | C38: =(B38/$B$4)*100 -> 1.418378
A39: Law | B39: =COUNTIF('Raw Data'!I:I,"Law") -> 443 | C39: =(B39/$B$4)*100 -> 3.8548556
A40: Pharmacy | B40: =COUNTIF('Raw Data'!I:I,"Pharmacy") -> 329 | C40: =(B40/$B$4)*100 -> 2.8628611
A41: Public Health | B41: =COUNTIF('Raw Data'!I:I,"Public Health") -> 215 | C41: =(B41/$B$4)*100 -> 1.8708667
A42: Renewable Natural Resources | B42: =COUNTIF('Raw Data'!I:I,"Renewable Natural Resources") -> 273 | C42: =(B42/$B$4)*100 -> 2.3755656
A43: Science | B43: =COUNTIF('Raw Data'!I:I,"Science") -> 1744 | C43: =(B43/$B$4)*100 -> 15.175774
A44: Technology | B44: =COUNTIF('Raw Data'!I:I,"Technology") -> 1380 | C44: =(B44/$B$4)*100 -> 12.008354
A45: The Social Sciences | B45: =COUNTIF('Raw Data'!I:I,"The Social Sciences") -> 674 | C45: =(B45/$B$4)*100 -> 5.8649495
A46: Veterinary Medicine | B46: =COUNTIF('Raw Data'!I:I,"Veterinary Medicine") -> 289 | C46: =(B46/$B$4)*100 -> 2.5147929
